{
  "quimb_results": {
    "N32p1": [
      -23.714892322861047,
      -19.42703992550999,
      -21.546612285156158,
      -22.545176484420317,
      -23.99353938432099,
      -24.428923469243855,
      -23.932102336111388,
      -24.643314349540873,
      -19.535842042974338,
      -22.80618238513241,
      -24.000004440409093,
      -24.648723579389458,
      -23.99996793798305,
      -24.627347262538922,
      -24.719695931066248,
      -24.545684301008425,
      -24.000000279919618,
      -23.999999236091693,
      -24.76646730505888,
      -24.814665003036353,
      -24.86175699457294,
      -24.9077992583693,
      -24.95213138528131,
      -25.084039358580025,
      -25.646579619371366,
      -25.736655714031905,
      -30.69580152692178,
      -32.645427388603316,
      -25.332590216267956,
      -32.68894627632597,
      -32.71348245556863,
      -32.74568434200689,
      -32.75291115431426,
      -32.7501602484695,
      -32.734407335847756,
      -32.752779880540984,
      -24.000000000192,
      -32.752963230391835,
      -32.75208062751852,
      -32.731054405404876,
      -32.75533918834441,
      -32.75507308225469,
      -32.75517068057582,
      -32.75294175492476,
      -32.75263465544282,
      -32.75237165777507,
      -32.752152708594046,
      -32.75229157963011,
      -32.75188553952787,
      -32.73983637123234
    ],
    "N32p2": [
      -16.44842483492156,
      -23.83079518023223,
      -25.021529076095746,
      -25.439707710320274,
      -20.493574185629427,
      -33.31369607426022,
      -32.932515472196656,
      -16.145295438911944,
      -15.534671928599273,
      -18.147556316284614,
      -31.731239853308693,
      -21.75370462016458,
      -33.542818721775284,
      -33.38484089264169,
      -24.0000478530426,
      -31.913203048936403,
      -26.529954439449305,
      -33.462292446192485,
      -33.763491774431024,
      -33.60425983060263,
      -33.24042654313729,
      -33.14883507190747,
      -33.93733342423201,
      -34.040982759836346,
      -32.72802949877362,
      -34.11705450860901,
      -34.12899642255,
      -29.92510104112979,
      -33.121651272499506,
      -34.0109835478131,
      -34.2922520501843,
      -34.40073004195043,
      -34.49179465399498,
      -34.56906750317353,
      -34.62144938189914,
      -34.64474364178501,
      -34.64130480014167,
      -33.59977913895564,
      -32.03590760809033,
      -34.60798776944765,
      -24.000000000575998,
      -24.00000000011764,
      -23.99999902952022,
      -34.63802109092829,
      -24.000000000192,
      -34.68806833967725,
      -24.000000000192,
      -34.69393024589003,
      -29.16024988857757,
      -29.682324896210133
    ],
    "N130p1": [
      -93.38233781598078,
      -119.6684140401952,
      -109.25580745316591,
      -74.12702250892808,
      -103.49775690208696,
      -96.57426506697577,
      -97.45192200946731,
      -104.03697146030076,
      -95.99644592749894,
      -67.99959273559438,
      -102.30987996448582,
      -116.08018503310504,
      -97.50017387884745,
      -97.50018585993207,
      -121.40628930441493,
      -126.03521983576742,
      -127.55462476681942,
      -114.0819545745441,
      -128.02166978813435,
      -128.55268041742494,
      -128.8906205681573,
      -129.50627892249383,
      -130.77509868840588,
      -132.10481736645858,
      -132.99800147931137,
      -133.73925380117834,
      -134.2854416600751,
      -134.6231065269243,
      -134.7820916070212,
      -134.8293562561177,
      -134.8463472545371,
      -134.85685416094978,
      -97.50009632746894,
      -134.86063017460606,
      -134.86094181124508,
      -134.86101109235472,
      -134.8609825067906,
      -134.86098444203435,
      -134.8608467776388,
      -134.85257127716665,
      -134.8612921797558,
      -134.8612724408765,
      -134.85218682579048,
      -134.8611044317866,
      -134.86125988440367,
      -134.86108650559535,
      -134.86108490774865,
      -134.85349369310063,
      -134.8607317451106,
      -134.86079195567376
    ]
  }
}